name,brand_name,channel,prospect_type,platform_url,email,social_handle,follower_count,est_audience_fit,public_contact_method,priority_score,status,owner,notes,offer_made,promo_code,affiliate_code,next_follow_up
r/Semaglutide,,Reddit communities,community,https://www.reddit.com/r/Semaglutide/,,,,high,subreddit modmail (message the mods),88,New,seed,"One of the largest GLP-1 journey communities; members track dose timing, side effects, weight progress -- exact PepTrack use case. CAVEAT: Reddit -- contact mods first via modmail; no self-promo posts without explicit permission; better to add genuine value in comments than to post a link.",,,,
r/tirzepatidecompound,,Reddit communities,community,https://www.reddit.com/r/tirzepatidecompound/,,,,high,subreddit modmail,80,New,seed,"Highly engaged compounded-tirzepatide users who log titration schedules and reconstitution -- strong reminder/tracking fit. CAVEAT: Reddit -- many compound subs ban all promotion; modmail first, expect strict rules; participate authentically before any mention.",,,,
r/tirzepatide,,Reddit communities,community,https://www.reddit.com/r/tirzepatide/,,,,high,subreddit modmail,85,New,seed,Broad tirzepatide journey sub; weekly-injection cadence makes reminders + progress logging highly relevant. CAVEAT: Reddit -- ask mods before any self-promo; no medical/dosing advice in replies.,,,,
r/Mounjaro (treat as generic tirzepatide community),,Reddit communities,community,https://www.reddit.com/r/Mounjaro/,,,,high,subreddit modmail,82,New,seed,"Very large active journey community. CAVEAT: internally name PepTrack only with generic INN (tirzepatide), never the brand drug; Reddit -- mod permission required before posting; add value first.",,,,
r/Ozempic (treat as generic semaglutide community),,Reddit communities,community,https://www.reddit.com/r/Ozempic/,,,,high,subreddit modmail,82,New,seed,"Large journey community tracking reminders/side effects/weight. CAVEAT: never use the brand name in PepTrack copy; reference semaglutide generically; Reddit -- mods first, no self-promo without permission.",,,,
r/Semaglutidecompound,,Reddit communities,community,https://www.reddit.com/r/Semaglutidecompound/,,,,high,subreddit modmail,78,New,seed,Compounded-semaglutide users tracking custom titration -- strong fit for a private log + reminders. CAVEAT: Reddit -- compound subs are strict on promotion; modmail first; no dosing advice.,,,,
r/PEDs / r/Peptides,,peptide communities,community,https://www.reddit.com/r/Peptides/,,,,high,subreddit modmail,74,New,seed,"Core peptide community logging stacks, reconstitution, injection schedules -- exact tracking/reminder use case beyond GLP-1. CAVEAT: Reddit -- heavy anti-promo norms; engage as a member, modmail before any mention; never give protocol/dosing advice.",,,,
r/loseit (medication flair segment),,Reddit communities,community,https://www.reddit.com/r/loseit/,,,,medium,subreddit modmail,62,New,seed,Massive weight-loss community with a growing GLP-1 segment; some track journeys broadly. CAVEAT: Reddit -- strict self-promo rules and large mod team; permission essential; position only as a private tracking/journal tool.,,,,
r/PetiteFitness (GLP-1 sub-discussions),,Reddit communities,community,https://www.reddit.com/r/PetiteFitness/,,,,medium,subreddit modmail,55,New,seed,"Active fitness sub with frequent GLP-1 progress threads. CAVEAT: Reddit -- general fitness sub, promo likely removed; modmail first, value-first participation only.",,,,
r/Biohackers (peptide threads),,peptide communities,community,https://www.reddit.com/r/Biohackers/,,,,medium,subreddit modmail,58,New,seed,"Biohacking community with recurring peptide/longevity logging discussions; receptive to a clean tracking tool. CAVEAT: Reddit -- mods first; frame as organization/journal, no health claims.",,,,
Semaglutide & Tirzepatide GLP-1 Weight Loss Support (Facebook group),,GLP-1 Facebook groups,community,https://www.facebook.com/groups/semaglutidegroup/,,,,high,Facebook group admin (message admins / post in admin-approval queue),76,New,seed,"Public combined GLP-1 support group; members actively share progress and side-effect logs. CAVEAT: FB groups -- admin permission required before any post or link; most ban promotion outright; ask admins first and offer value (e.g., free private journal).",,,,
Facebook search strategy: 'Semaglutide Support Group' (public groups),,Semaglutide Facebook groups,community,https://www.facebook.com/search/groups/?q=semaglutide%20support,,,,high,per-group admin permission via group's posting rules / message admins,72,New,seed,"Research approach: filter for large PUBLIC semaglutide support groups, then evaluate each. CAVEAT: FB groups -- every group requires admin approval; never use brand drug names in copy; no review incentives; one respectful ask per group.",,,,
Facebook search strategy: 'Tirzepatide Support / Tirzepatide Weight Loss' (public groups),,Tirzepatide Facebook groups,community,https://www.facebook.com/search/groups/?q=tirzepatide%20support,,,,high,per-group admin permission / message admins,72,New,seed,Research approach: identify large PUBLIC tirzepatide groups where members log weekly shots and titration. CAVEAT: FB groups -- admin permission mandatory; many are sales-heavy so vet for genuine community; generic INN only.,,,,
Facebook search strategy: 'GLP-1 Support / GLP-1 Weight Loss Journey' (public groups),,GLP-1 Facebook groups,community,https://www.facebook.com/search/groups/?q=GLP-1%20support,,,,high,per-group admin permission / message admins,74,New,seed,"Research approach: broad GLP-1 journey groups are the densest concentration of the target user. CAVEAT: FB groups -- admins gate posting; lead with value, never with a hard sell; respect each group's promo policy.",,,,
Facebook search strategy: 'Compounded Semaglutide / Tirzepatide DIY' (public groups),,Semaglutide Facebook groups,community,https://www.facebook.com/search/groups/?q=compounded%20semaglutide,,,,high,per-group admin permission / message admins,70,New,seed,Compounding/self-administering members track reconstitution and custom titration -- high reminder/log fit. CAVEAT: FB groups -- admin approval required; absolutely no dosing/protocol advice; position only as a private organization tool.,,,,
Facebook search strategy: 'Peptide Therapy / Peptides for Wellness' (public groups),,peptide communities,community,https://www.facebook.com/search/groups/?q=peptide%20therapy,,,,high,per-group admin permission / message admins,66,New,seed,"Peptide-focused groups (BPC-157, etc.) where users log multi-peptide schedules. CAVEAT: FB groups -- admin gate; frame strictly as injection/reminder/journal tracking with no health claims; verify group isn't a vendor funnel.",,,,
Facebook search strategy: 'Mounjaro/Zepbound Journey' groups (treat as tirzepatide),,Tirzepatide Facebook groups,community,https://www.facebook.com/search/groups/?q=tirzepatide%20journey,,,,high,per-group admin permission / message admins,68,New,seed,"Brand-named groups hold large tirzepatide journey audiences. CAVEAT: in all PepTrack messaging use 'tirzepatide' generically, never the brand; FB groups -- admin permission required; no incentives.",,,,
GLP-1 Telehealth: Eden Health,,telehealth clinics,clinic,https://www.tryeden.com/,,,,high,public business/partnerships email or contact form on site (verify first),80,New,seed,"Online semaglutide/tirzepatide clinic; patients need to track injections + reminders between virtual visits -- natural partner/insert opportunity. CAVEAT: use only the PUBLIC partnerships contact form/email listed on their site; verify before sending; position PepTrack as a neutral patient tracking aid, no medical claims; partnership must be a tool referral, not co-marketing of meds.",,,,
GLP-1 Telehealth: Fridays (joinfridays.com),,telehealth clinics,clinic,https://www.joinfridays.com/,,,,high,public contact form / support email on site (verify first),76,New,seed,"Holistic GLP-1 telehealth program; clinically-supervised patients are prime trackers. CAVEAT: contact only via the public form; no patient data exchange; PepTrack stays a private tracking tool, no dosing role.",,,,
GLP-1 Telehealth: OrderlyMeds,,telehealth clinics,clinic,https://orderlymeds.com/,,,,high,public contact form / business email on site (verify first),74,New,seed,Compounded semaglutide/tirzepatide provider with shipment flow -- potential for a neutral 'track your journey' insert mention. CAVEAT: PUBLIC contact channel only; verify recipient; never imply PepTrack manages treatment.,,,,
GLP-1 Telehealth: Shed,,telehealth clinics,clinic,https://www.goodrx.com/care/services/glp-1-weight-loss,,,,medium,public contact form on clinic site (verify first),66,New,seed,"Fast-access semaglutide telehealth clinic. CAVEAT: confirm current official URL before outreach; PUBLIC contact only; no co-branding of medication, tool referral framing only.",,,,
Hims & Hers (weight loss / GLP-1 vertical),,telehealth clinics,clinic,https://www.forhers.com/weight-loss,,,,medium,corporate partnerships / press contact form (verify first),58,New,seed,"National scale but enterprise -- hard to reach for a small partnership. CAVEAT: only public partnerships/press channels; realistic as a long-shot brand-awareness target, not near-term; no medical claims in any pitch.",,,,
WeightWatchers (WW Med+ / Clinic),,telehealth clinics,clinic,https://www.weightwatchers.com/us/weight-loss-medication,,,,medium,corporate partnerships / press contact form (verify first),54,New,seed,Large GLP-1 telehealth member base but heavily branded and enterprise. CAVEAT: public corporate channel only; low realistic response; keep PepTrack positioning as a neutral tracker.,,,,
ISSA GLP-1 Weight Loss Support certified coaches (directory),,weight-loss coaches,coach,https://www.issaonline.com/certification/glp-1-weight-loss,,,,high,ISSA 'find a trainer' directory -> each coach's PUBLIC business contact (verify first),78,New,seed,"Coaches newly certified to support GLP-1 clients are ideal partners -- they want tools clients can log progress/side effects in. CAVEAT: contact each coach via their PUBLIC business email/booking page only; never fabricate; offer a tool they can recommend, with #ad disclosure if any affiliate arrangement.",,,,
Working Against Gravity -- GLP-1 nutrition coaching,,weight-loss coaches,coach,https://www.workingagainstgravity.com/glp-1,,,,high,public business contact form on site (verify first),74,New,seed,Established 1:1 nutrition coaching company with a dedicated GLP-1 program; clients track intake/progress. CAVEAT: public contact form only; partnership = tool recommendation; FTC #ad disclosure if compensated; no medical claims.,,,,
"Kelly Powers, MA, RD -- GLP-1 nutrition support",,weight-loss coaches,coach,https://www.kellyepowers.com/glp1-nutrition-support,,,,high,public business email / contact form on site (verify first),80,New,seed,"Registered dietitian with a focused GLP-1 nutrition practice -- credible, reachable, audience exactly on-target. CAVEAT: use her PUBLIC site contact only; respectful single outreach; if she recommends PepTrack and is compensated, require #ad/paid-partnership disclosure.",,,,
MY GLP-1 Coach (myglp1coach.com),,weight-loss coaches,coach,https://www.myglp1coach.com/,,,,high,public contact form on site (verify first),72,New,seed,Dedicated GLP-1 fitness/nutrition coaching brand; clients are active journey-trackers. CAVEAT: public contact only; tool-referral framing; disclosure required for any paid arrangement.,,,,
Legg Day Fitness -- GLP-1 coaching,,weight-loss coaches,coach,https://www.leggday.com/coaching-glp-1,,,,medium,public contact form / business email on site (verify first),64,New,seed,Fitness coaching with a GLP-1 track; smaller but engaged client base. CAVEAT: public contact only; no medical claims; #ad if compensated.,,,,
Health Coach Institute -- GLP-1 coach grads (directory),,weight-loss coaches,coach,https://www.healthcoachinstitute.com/courses/glp-1-weight-loss-coach-training/,,,,high,locate individual grads' PUBLIC coaching sites/socials (verify first),66,New,seed,A pipeline of newly-minted GLP-1 coaches who need recommendable client tools. CAVEAT: institute won't share contacts -- find each coach's PUBLIC presence; never fabricate emails; outreach one at a time; disclosure rules apply.,,,,
The Plus SideZ: A Guide to GLP-1 & Metabolic Health (podcast + TikTok/IG),,GLP-1 TikTok creators,creator,https://www.youtube.com/@theplussidez,,,,high,public podcast/business contact in show notes or linktree (verify first),86,New,seed,Hosts Kim Carlos & Kat Carter run one of the most established GLP-1 communities/podcasts; audience is exactly PepTrack's user. Strong sponsorship/feature candidate. CAVEAT: use the PUBLIC booking/business contact in their show notes only; any paid feature must carry #ad/'paid partnership'; no medical claims in copy.,,,,
Kim Carlos (@DMFKimOnMounjaroZepbound) -- TikTok GLP-1 advocate,,GLP-1 TikTok creators,creator,https://www.tiktok.com/@dmfkimonmounjarozepbound,,,,high,public business email / DM-for-collab link in TikTok bio (verify first),78,New,seed,"Leading GLP-1 TikTok voice (47k+), self-described GLP-1 advocate. CAVEAT: verify exact handle before sending; use the PUBLIC collab contact in bio only; FTC #ad required; in any copy reference semaglutide/tirzepatide generically, not brands -- her handle uses brands but PepTrack assets must not.",,,,
TikTok creator-discovery: hashtag #GLP1 / #GLP1journey / #tirzepatidejourney,,GLP-1 TikTok creators,creator,https://www.tiktok.com/tag/glp1journey,,,,high,each creator's PUBLIC bio business email / collab link (verify first),74,New,seed,Research approach: build a shortlist of mid-tier journey creators (10k-200k) posting weekly progress. CAVEAT: contact only via PUBLIC bio business channels; never DM-scrape; require #ad disclosure; vet each creator's existing claims for compliance before associating.,,,,
Janelle Rohner (GLP-1 + nutrition TikTok/IG),,GLP-1 TikTok creators,creator,https://www.tiktok.com/@janellerohner,,,,medium,public management/business email in bio or linktree (verify first),58,New,seed,Large macro/GLP-1 audience but has had a paid-plan/disclosure controversy -- vet carefully for brand-safety. CAVEAT: PUBLIC business contact only; strict #ad/disclosure required; ensure her current content aligns with PepTrack's no-claims stance before any partnership.,,,,
Kiki Monique (Instagram GLP-1 advocate),,GLP-1 Instagram creators,creator,https://www.instagram.com/itskikimonique/,,,,high,public business email / contact button in IG bio (verify first),74,New,seed,"~137k IG followers; openly shares her medication journey and receives gratitude DMs -- engaged, trusting audience. CAVEAT: verify exact handle; use the PUBLIC 'Email' contact button only; #ad/paid-partnership disclosure mandatory; no medical claims in deliverables.",,,,
Remi Bader (plus-size / GLP-1 Instagram),,GLP-1 Instagram creators,creator,https://www.instagram.com/remibader/,,,,medium,talent agency / management contact listed publicly (verify first),56,New,seed,Very large reach but agency-repped and high cost; long-shot awareness play. CAVEAT: only public management contact; expect agency gatekeeping; #ad required; brand-safety vetting essential.,,,,
Instagram creator-discovery: #GLP1journey / #semaglutidejourney / #tirzepatideweightloss,,GLP-1 Instagram creators,creator,https://www.instagram.com/explore/tags/glp1journey/,,,,high,each creator's PUBLIC IG 'Email/Contact' business button (verify first),75,New,seed,Research approach: shortlist micro/mid creators (5k-100k) documenting weekly journeys -- best ROI and most authentic. CAVEAT: PUBLIC business contact buttons only; no DM scraping; #ad disclosure; screen each creator's claims for compliance first.,,,,
"Joanna Wilcox ('Keto in Canada', GLP-1 disclosure)",,GLP-1 Instagram creators,creator,https://www.instagram.com/ketoincanada/,,,,medium,public business email in IG bio (verify first),62,New,seed,100k+ following that crossed from keto into GLP-1; engaged journey audience. CAVEAT: verify handle and that she still creates GLP-1 content; PUBLIC contact only; #ad required.,,,,
Project Biohacking (peptide education brand),,peptide YouTube creators,creator,https://www.projectbiohacking.com/,,,,high,public business/partnerships email or contact form on site (verify first),80,New,seed,"Turns peptide research into reconstitution/dosing-math tools and guides -- their audience already wants a clean tracker/calculator companion. Natural tool partner. CAVEAT: PUBLIC site contact only; PepTrack frames as injection/reminder/journal tracking, no dosing advice; #ad if compensated.",,,,
Hack Smith (peptide/biohacking creator),,peptide YouTube creators,creator,https://www.youtube.com/results?search_query=hack+smith+peptides,,,,high,public business email in channel 'About'/bio (verify first),74,New,seed,Down-to-earth peptide educator with a loyal following; audience self-administers and tracks. CAVEAT: confirm exact channel URL via the About page; PUBLIC business email only; many peptide creators are vendor affiliates -- vet for brand-safety; #ad disclosure required; no health claims in deliverables.,,,,
"Dr. Ashley Froese, DO (physician peptide YouTube)",,peptide YouTube creators,creator,https://www.youtube.com/results?search_query=dr+ashley+froese+peptides,,,,high,public clinic/business contact or channel 'About' email (verify first),76,New,seed,"Physician-led peptide content (hormones/metabolism/optimization) -- credible, brand-safe audience that values a private organized tracker. CAVEAT: verify channel/clinic URL; PUBLIC contact only; she's a clinician so keep PepTrack strictly a patient tracking tool (no claims, no dosing role); #ad if compensated.",,,,
Dr. Alex Tatem (peptide explainer YouTube),,peptide YouTube creators,creator,https://www.youtube.com/watch?v=jt5hHb6kzYM,,,,medium,public business/clinic contact in channel 'About' (verify first),66,New,seed,"Physician peptide-education videos with reach; educational, brand-safe tone. CAVEAT: confirm the channel handle from the About page; PUBLIC contact only; no claims; disclosure if paid.",,,,
PeptideBenchmark (peptide research site + creator network),,peptide YouTube creators,creator,https://peptidebenchmark.com/blog/three-youtube-channels-for-peptide-research/,,,,medium,public site contact form (verify first); also a source for vetting other creators,64,New,seed,Curates trustworthy peptide creators -- useful both as a partner and as a discovery map for brand-safe channels. CAVEAT: PUBLIC contact form only; verify they're independent (not a vendor); no claims; disclosure if any paid feature.,,,,
The GLP Truth (independent GLP-1 newsletter/site),,health & wellness newsletters,newsletter,https://theglpthruth.com/,,,,high,public editorial/business contact form or email on site (verify first),82,New,seed,"Independent, physician-reviewed GLP-1 news -- subscribers are exactly the engaged, informed journey audience. Strong sponsor/mention candidate. CAVEAT: PUBLIC editorial contact only; if sponsored placement, it must be clearly labeled; PepTrack copy = tracking/journal tool, no claims, generic INN only.",,,,
Jake Goodman MD -- Substack (GLP-1 coverage),,health & wellness newsletters,newsletter,https://jakegoodmanmd.substack.com/,,,,medium,Substack 'contact'/about email (verify first),70,New,seed,Physician Substack that covers GLP-1 topics to a health-engaged list. CAVEAT: PUBLIC Substack contact only; clinician author so keep PepTrack strictly a neutral tracking tool; sponsored mentions must be disclosed; no claims.,,,,
GLP-1.com (resource hub + coaching/newsletter audience),,health & wellness newsletters,newsletter,https://glp-1.com/,,,,high,public business/partnerships contact form on site (verify first),76,New,seed,"Aggregator hub for GLP-1 users (coaching directories, content) with a built-in on-target audience and partner-friendly posture. CAVEAT: PUBLIC contact only; confirm it's not a competing tracker before pitching; disclosure for paid placement; no claims.",,,,
GLP-1 Collective (podcast/newsletter community),,health & wellness newsletters,newsletter,https://creators.spotify.com/pod/profile/glp1collective/,,,,high,public show-notes/business contact (verify first),72,New,seed,"Community podcast/newsletter interviewing GLP-1 voices (e.g., Kim Carlos) -- engaged niche audience. CAVEAT: PUBLIC contact in show notes only; #ad/sponsored disclosure; generic INN; no medical claims.",,,,
Best GLP1 (educational resource + email list),,health & wellness newsletters,newsletter,https://www.openpr.com/news/4526402/best-glp1-launches-new-online-resource-focused-on-semaglutide,,,,medium,public contact on the official Best GLP1 site (verify first; find canonical URL),62,New,seed,Newer education resource covering semaglutide/tirzepatide/retatrutide. CAVEAT: locate and verify the canonical official site before outreach; PUBLIC contact only; confirm independence; disclosure for paid placement.,,,,
Elite Research USA -- SEGMENT: opted-in GLP-1 / weight-management customers,,Elite Research USA customers,customer_segment,,,,,high,"first-party opted-in email/SMS to consenting customers (CAN-SPAM/TCPA compliant, clear unsubscribe)",90,New,seed,"SEGMENT, not individuals: customers who purchased GLP-1/weight-management products AND opted in to marketing. Highest-intent, owned audience -- ideal for a 'track your journey privately' note. CAVEAT: use ONLY existing marketing consent; honor opt-outs; no review incentives; PepTrack framed as a free private tracking/reminder tool, no medical claims, JORDAN10/affiliate codes irrelevant here -- keep it a value-add.",,,,
Elite Research USA -- SEGMENT: peptide-research-product buyers,,Elite Research USA customers,customer_segment,,,,,high,opted-in email/SMS to consenting customers OR a neutral shipment/packing-slip insert,86,New,seed,SEGMENT: buyers of peptide research products who self-administer and need to log reconstitution/schedules. A neutral packing-slip insert ('track your protocol privately with PepTrack') reaches them without email consent issues. CAVEAT: insert/email must avoid any treatment/dosing implication and any claim the product+app are a therapy; tracking/organization framing only; honor consent and opt-outs.,,,,
Elite Research USA -- SEGMENT: repeat/subscription customers (retention touch),,Elite Research USA customers,customer_segment,,,,,high,"opted-in lifecycle email to active subscribers (compliant, with unsubscribe)",84,New,seed,"SEGMENT: recurring buyers on a regular injection cadence -- reminders are most valuable to them, so PepTrack doubles as a retention/value-add for Elite Research USA. CAVEAT: marketing-consented contacts only; no incentives for installs or reviews; position as a private reminder/journal; no claims; clear opt-out.",,,,
Elite Research USA -- SEGMENT: new-customer onboarding / first-shipment cohort,,Elite Research USA customers,customer_segment,,,,,high,transactional/welcome email (with marketing consent) or first-shipment insert card,82,New,seed,"SEGMENT: first-time customers at the moment they start -- highest motivation to set up tracking/reminders. CAVEAT: keep app mention as an optional value-add inside compliant onboarding comms; no medical claims, no dosing guidance; honor consent; never tie to review/discount incentives.",,,,
